{
    "mint": "So11111111111111111111111111111111111111112",
    "volumes": {
        "1m": 0.0,
        "5m": 0.372386707999965,
        "15m": 0.372386707999965,
        "1h": 0.372386707999965
    },
    "age_seconds": 119,
    "supply": {
        "raw": 0,
        "decimals": 9,
        "ui_amount": 0.0,
        "ui_amount_string": "0"
    }
}